"registro","iddispositivo","variable","valor","fecha"
"8","nodo_prueba_ADC","voltaje_potenciometro","1.26931742064","2018-05-28 22:52:05"
"9","nodo_prueba_ADC","voltaje_LDR","1.40624241903","2018-05-28 22:52:06"
"10","nodo_prueba_ADC","voltaje_potenciometro_externo","3.7068085321","2018-05-28 22:52:09"
"11","nodo_prueba_ADC","voltaje_sensor_corriente","2.60213823344","2018-05-28 22:52:09"
"12","nodo_prueba_ADC","voltaje_LDR","1.72490021287","2018-05-28 22:52:19"
"13","nodo_prueba_ADC","voltaje_LDR","1.40978770373","2018-05-28 22:52:21"
"14","nodo_prueba_ADC","voltaje_LDR","1.59623463109","2018-05-28 22:52:24"
"15","nodo_prueba_ADC","voltaje_LDR","2.14076663742","2018-05-28 22:52:25"
"16","nodo_prueba_ADC","voltaje_LDR","2.3714020695","2018-05-28 22:52:26"
"17","nodo_prueba_ADC","voltaje_LDR","2.18446280771","2018-05-28 22:52:27"
"18","nodo_prueba_ADC","voltaje_LDR","1.87978766916","2018-05-28 22:52:29"
"19","nodo_prueba_ADC","voltaje_LDR","1.41114967002","2018-05-28 22:52:31"
"20","nodo_prueba_ADC","voltaje_LDR","1.78941569202","2018-05-28 22:52:33"
"21","nodo_prueba_ADC","voltaje_LDR","1.39956610198","2018-05-28 22:52:35"
"22","nodo_prueba_ADC","voltaje_LDR","0.495472609457","2018-05-28 22:52:40"
"23","nodo_prueba_ADC","voltaje_LDR","0.460648591596","2018-05-28 22:52:42"
"24","nodo_prueba_ADC","voltaje_LDR","1.43142836469","2018-05-28 22:52:49"
"25","nodo_prueba_ADC","voltaje_LDR","1.54859859331","2018-05-28 22:52:52"
"26","nodo_prueba_ADC","voltaje_LDR","1.63335760037","2018-05-28 22:52:54"
"27","nodo_prueba_ADC","voltaje_LDR","1.49547117895","2018-05-28 22:52:56"
"28","nodo_prueba_ADC","voltaje_LDR","1.4044840818","2018-05-28 22:52:57"
"29","nodo_prueba_ADC","voltaje_LDR","1.67155285735","2018-05-28 22:53:10"
"30","nodo_prueba_ADC","voltaje_LDR","1.40353815598","2018-05-28 22:53:11"
"31","nodo_prueba_ADC","voltaje_LDR","2.41321950116","2018-05-28 22:53:23"
"32","nodo_prueba_ADC","voltaje_LDR","1.40952842349","2018-05-28 22:53:25"
"33","nodo_prueba_ADC","voltaje_LDR","1.52674812397","2018-05-28 22:53:40"
"34","nodo_prueba_ADC","voltaje_LDR","1.43604951335","2018-05-28 22:53:41"
"35","nodo_prueba_ADC","voltaje_LDR","1.47968607899","2018-05-28 22:53:43"
"36","nodo_prueba_ADC","voltaje_LDR","1.39418976238","2018-05-28 22:53:45"
"37","nodo_prueba_ADC","voltaje_LDR","2.36751286596","2018-05-28 22:53:49"
"38","nodo_prueba_ADC","voltaje_LDR","2.22079124699","2018-05-28 22:53:49"
"39","nodo_prueba_ADC","voltaje_LDR","2.4124947086","2018-05-28 22:53:52"
"40","nodo_prueba_ADC","voltaje_LDR","2.22790148591","2018-05-28 22:53:55"
"41","nodo_prueba_ADC","voltaje_LDR","1.76317832031","2018-05-28 22:53:56"
"42","nodo_prueba_ADC","voltaje_LDR","2.07419956615","2018-05-28 22:53:58"
"43","nodo_prueba_ADC","voltaje_LDR","1.41455905611","2018-05-28 22:54:03"
"44","nodo_prueba_ADC","voltaje_potenciometro","1.27015307786","2018-05-28 23:24:14"
"45","nodo_prueba_ADC","voltaje_LDR","2.0468392428","2018-05-28 23:24:14"
"46","nodo_prueba_ADC","voltaje_potenciometro_externo","3.70225235251","2018-05-28 23:24:16"
"47","nodo_prueba_ADC","voltaje_sensor_corriente","2.58514971556","2018-05-28 23:24:17"
"48","nodo_prueba_ADC","voltaje_potenciometro_externo","1.76114639773","2018-05-28 23:24:32"
"49","nodo_prueba_ADC","voltaje_potenciometro_externo","2.68658789236","2018-05-28 23:24:38"
"50","nodo_prueba_ADC","voltaje_potenciometro_externo","3.65502162636","2018-05-28 23:24:42"
"51","nodo_prueba_ADC","voltaje_potenciometro_externo","2.9182747505","2018-05-28 23:24:46"
"52","nodo_prueba_ADC","voltaje_potenciometro_externo","2.63969750878","2018-05-28 23:24:47"
"53","nodo_prueba_ADC","voltaje_potenciometro_externo","0.572283336196","2018-05-28 23:24:50"
"54","nodo_prueba_ADC","voltaje_LDR","3.70735629885","2018-05-28 23:24:56"
"55","nodo_prueba_ADC","voltaje_LDR","2.04750085443","2018-05-28 23:24:58"
"56","nodo_prueba_ADC","voltaje_LDR","1.38805823184","2018-05-28 23:25:17"
"57","nodo_prueba_ADC","voltaje_LDR","2.0025702718","2018-05-28 23:25:21"
"58","nodo_prueba_ADC","voltaje_sensor_corriente","2.38807408667","2018-05-28 23:25:25"
"59","nodo_prueba_ADC","voltaje_LDR","1.39908926476","2018-05-28 23:25:27"
"60","nodo_prueba_ADC","voltaje_LDR","1.32000342846","2018-05-28 23:25:28"
"61","nodo_prueba_ADC","voltaje_sensor_corriente","2.59646685081","2018-05-28 23:25:28"
"62","nodo_prueba_ADC","voltaje_sensor_corriente","2.62345941346","2018-05-28 23:25:31"
"63","nodo_prueba_ADC","voltaje_LDR","2.05362046404","2018-05-28 23:25:33"
"64","nodo_prueba_ADC","voltaje_LDR","1.32470742759","2018-05-28 23:25:39"
"65","nodo_prueba_ADC","voltaje_LDR","2.05306971706","2018-05-28 23:25:45"
"66","nodo_prueba_ADC","voltaje_LDR","1.90028570894","2018-05-28 23:26:20"
"67","nodo_prueba_ADC","voltaje_sensor_corriente","2.61464388545","2018-05-28 23:26:20"
"68","nodo_prueba_ADC","voltaje_LDR","2.04911792864","2018-05-28 23:26:23"
"69","nodo_prueba_ADC","voltaje_LDR","1.72855636222","2018-05-28 23:26:36"
"70","nodo_prueba_ADC","voltaje_LDR","2.08997274518","2018-05-28 23:26:37"
"71","nodo_prueba_ADC","voltaje_LDR","1.70084496747","2018-05-28 23:26:37"
"72","nodo_prueba_ADC","voltaje_LDR","1.36587934087","2018-05-28 23:26:38"
"73","nodo_prueba_ADC","voltaje_LDR","1.79375610277","2018-05-28 23:27:09"
"74","nodo_prueba_ADC","voltaje_LDR","2.03513229312","2018-05-28 23:27:10"
"75","nodo_prueba_ADC","voltaje_potenciometro_externo","2.926648012","2018-05-28 23:27:16"
"76","nodo_prueba_ADC","voltaje_potenciometro_externo","3.7040077095","2018-05-28 23:27:19"
"77","nodo_prueba_ADC","voltaje_potenciometro_externo","2.49701529706","2018-05-28 23:27:32"
"78","nodo_prueba_ADC","voltaje_potenciometro_externo","1.63393397736","2018-05-28 23:27:34"
"79","nodo_prueba_ADC","voltaje_potenciometro_externo","0.533521835032","2018-05-28 23:27:37"
"80","nodo_prueba_ADC","voltaje_LDR","2.3347952765","2018-05-28 23:27:42"
"81","nodo_prueba_ADC","voltaje_potenciometro","0.000226497677147","2018-05-28 23:27:44"
"82","nodo_prueba_ADC","voltaje_LDR","1.35967270847","2018-05-28 23:27:44"
"83","nodo_prueba_ADC","voltaje_LDR","2.0607938839","2018-05-28 23:27:46"
"84","nodo_prueba_ADC","voltaje_potenciometro","0.000209212328102","2018-05-28 23:27:49"
"85","nodo_prueba_ADC","voltaje_LDR","1.33563772865","2018-05-28 23:27:49"
"86","nodo_prueba_ADC","voltaje_potenciometro","0.000230670002779","2018-05-28 23:27:50"
"87","nodo_prueba_ADC","voltaje_LDR","2.29930368654","2018-05-28 23:27:50"
"88","nodo_prueba_ADC","voltaje_potenciometro","2.44597106528","2018-05-28 23:27:51"
"89","nodo_prueba_ADC","voltaje_LDR","2.52412587692","2018-05-28 23:27:51"
"90","nodo_prueba_ADC","voltaje_potenciometro","2.6510629238","2018-05-28 23:27:52"
"91","nodo_prueba_ADC","voltaje_LDR","1.31930665008","2018-05-28 23:27:53"
"92","nodo_prueba_ADC","voltaje_LDR","2.05829942921","2018-05-28 23:27:54"
"93","nodo_prueba_ADC","voltaje_LDR","1.47645252662","2018-05-28 23:27:55"
"94","nodo_prueba_ADC","voltaje_LDR","2.03461194451","2018-05-28 23:27:56"
"95","nodo_prueba_ADC","voltaje_LDR","2.08163167019","2018-05-28 23:27:59"
"96","nodo_prueba_ADC","voltaje_LDR","1.70907279361","2018-05-28 23:28:01"
"97","nodo_prueba_ADC","voltaje_LDR","1.32454470689","2018-05-28 23:28:03"
"98","nodo_prueba_ADC","voltaje_LDR","1.6302277601","2018-05-28 23:28:04"
"99","nodo_prueba_ADC","voltaje_LDR","2.59156496424","2018-05-28 23:28:05"
"100","nodo_prueba_ADC","voltaje_potenciometro","1.36998610139","2018-05-28 23:28:07"
"101","nodo_prueba_ADC","voltaje_LDR","1.52922350517","2018-05-28 23:28:08"
"102","nodo_prueba_ADC","voltaje_LDR","1.42189042829","2018-05-28 23:28:09"
"103","nodo_prueba_ADC","voltaje_LDR","1.33013741137","2018-05-28 23:28:10"
"104","nodo_prueba_ADC","voltaje_LDR","1.47505420149","2018-05-28 23:28:21"
"105","nodo_prueba_ADC","voltaje_LDR","1.35979787824","2018-05-28 23:28:25"
"106","nodo_prueba_ADC","voltaje_LDR","2.41000681043","2018-05-28 23:28:34"
"107","nodo_prueba_ADC","voltaje_potenciometro","3.65143342631","2018-05-28 23:28:36"
"108","nodo_prueba_ADC","voltaje_LDR","1.37968377825","2018-05-28 23:28:36"
"109","nodo_prueba_ADC","voltaje_LDR","1.51906925667","2018-05-28 23:28:51"
"110","nodo_prueba_ADC","voltaje_LDR","1.32366196199","2018-05-28 23:28:52"
"111","nodo_prueba_ADC","voltaje_LDR","1.50916475167","2018-05-28 23:29:18"
"112","nodo_prueba_ADC","voltaje_LDR","1.31570593306","2018-05-28 23:29:19"
"113","nodo_prueba_ADC","voltaje_potenciometro_externo","0.00311672724685","2018-05-28 23:29:20"
"114","nodo_prueba_ADC","voltaje_potenciometro_externo","0.00236988095878","2018-05-28 23:29:21"
"115","nodo_prueba_ADC","voltaje_potenciometro_externo","0.917191018723","2018-05-28 23:29:22"
"116","nodo_prueba_ADC","voltaje_potenciometro_externo","2.26421919635","2018-05-28 23:29:23"
"117","nodo_prueba_ADC","voltaje_LDR","2.08113516344","2018-05-28 23:29:27"
"118","nodo_prueba_ADC","voltaje_LDR","1.43617408707","2018-05-28 23:31:46"
"119","nodo_prueba_ADC","voltaje_LDR","2.29636398511","2018-05-28 23:31:48"
"120","nodo_prueba_ADC","voltaje_LDR","2.12467874583","2018-05-28 23:31:49"
"121","nodo_prueba_ADC","voltaje_LDR","2.44982569812","2018-05-28 23:31:50"
"122","nodo_prueba_ADC","voltaje_LDR","1.72446807915","2018-05-28 23:31:51"
"123","nodo_prueba_ADC","voltaje_LDR","1.32268742593","2018-05-28 23:31:51"
"124","nodo_prueba_ADC","voltaje_LDR","1.40316801109","2018-05-28 23:31:53"
"125","nodo_prueba_ADC","voltaje_LDR","2.09101225031","2018-05-28 23:31:55"
"126","nodo_prueba_ADC","voltaje_LDR","1.57747764319","2018-05-28 23:31:59"
"127","nodo_prueba_ADC","voltaje_LDR","1.97812282778","2018-05-28 23:32:01"
"128","nodo_prueba_ADC","voltaje_LDR","1.84107206357","2018-05-28 23:32:04"
"129","nodo_prueba_ADC","voltaje_LDR","1.6256304533","2018-05-28 23:32:05"
"130","nodo_prueba_ADC","voltaje_LDR","1.91715322937","2018-05-28 23:32:11"
"131","nodo_prueba_ADC","voltaje_LDR","2.05821717479","2018-05-28 23:32:14"
"132","nodo_prueba_ADC","voltaje_LDR","1.53287190591","2018-05-28 23:32:15"
"133","nodo_prueba_ADC","voltaje_LDR","1.64832552055","2018-05-28 23:32:29"
"134","nodo_prueba_ADC","voltaje_LDR","2.00840735536","2018-05-28 23:32:32"
"135","nodo_prueba_ADC","voltaje_LDR","1.60141725557","2018-05-28 23:32:34"
"136","nodo_prueba_ADC","voltaje_potenciometro_externo","0.00200986886142","2018-05-28 23:32:34"
"137","nodo_prueba_ADC","voltaje_potenciometro_externo","0.117726936069","2018-05-28 23:32:36"
"138","nodo_prueba_ADC","voltaje_potenciometro_externo","1.8558945484","2018-05-28 23:32:38"
"139","nodo_prueba_ADC","voltaje_potenciometro_externo","3.70390995788","2018-05-28 23:32:42"
"140","nodo_prueba_ADC","voltaje_LDR","1.98681139789","2018-05-28 23:32:51"
"141","nodo_prueba_ADC","voltaje_potenciometro","3.61467166122","2018-05-29 04:00:43"
"142","nodo_prueba_ADC","voltaje_LDR","0.489519296827","2018-05-29 04:00:43"
"143","nodo_prueba_ADC","voltaje_potenciometro_externo","3.60414369156","2018-05-29 04:00:46"
"144","nodo_prueba_ADC","voltaje_sensor_corriente","2.5899884212","2018-05-29 04:00:47"
"145","nodo_prueba_ADC","voltaje_LDR","0.547279780779","2018-05-29 04:00:56"
"146","nodo_prueba_ADC","voltaje_LDR","0.645415263822","2018-05-29 04:00:57"
"147","nodo_prueba_ADC","voltaje_LDR","0.578410098363","2018-05-29 04:01:00"
"148","nodo_prueba_ADC","voltaje_LDR","0.557963914628","2018-05-29 04:01:10"
"149","nodo_prueba_ADC","voltaje_LDR","0.498111307396","2018-05-29 04:01:11"
"150","nodo_prueba_ADC","voltaje_potenciometro","3.61955328221","2018-05-29 04:02:42"
"151","nodo_prueba_ADC","voltaje_potenciometro_externo","3.615540101","2018-05-29 04:02:42"
"152","nodo_prueba_ADC","voltaje_sensor_corriente","2.58972735283","2018-05-29 04:02:42"
"153","nodo_prueba_ADC","voltaje_potenciometro_externo","1.42103688968","2018-05-29 04:03:06"
"154","nodo_prueba_ADC","voltaje_potenciometro_externo","0.785963032956","2018-05-29 04:03:08"
"155","nodo_prueba_ADC","voltaje_potenciometro_externo","1.02975917217","2018-05-29 04:03:29"
"156","nodo_prueba_ADC","voltaje_potenciometro_externo","0.0876122817531","2018-05-29 04:03:30"
"157","nodo_prueba_ADC","voltaje_potenciometro_externo","0.0705176675937","2018-05-29 04:03:32"
"158","nodo_prueba_ADC","voltaje_potenciometro_externo","0.0430959514494","2018-05-29 04:03:34"
"159","nodo_prueba_ADC","voltaje_potenciometro_externo","0.0375831171969","2018-05-29 04:03:35"
"160","nodo_prueba_ADC","voltaje_potenciometro_externo","0.0400519418778","2018-05-29 04:03:36"
"161","nodo_prueba_ADC","voltaje_potenciometro_externo","0.0585305760539","2018-05-29 04:03:38"
"162","nodo_prueba_ADC","voltaje_potenciometro_externo","0.30092958223","2018-05-29 04:03:39"
"163","nodo_prueba_ADC","voltaje_potenciometro_externo","0.0347656053025","2018-05-29 04:03:41"
"164","nodo_prueba_ADC","voltaje_potenciometro_externo","0.0382983730195","2018-05-29 04:03:42"
"165","nodo_prueba_ADC","voltaje_potenciometro_externo","0.0383281753454","2018-05-29 04:03:50"
"166","nodo_prueba_ADC","voltaje_potenciometro_externo","0.0279265675457","2018-05-29 04:03:52"
"167","nodo_prueba_ADC","voltaje_potenciometro_externo","0.0166720171776","2018-05-29 04:03:53"
"168","nodo_prueba_ADC","voltaje_potenciometro_externo","0.957056994087","2018-05-29 04:03:56"
"169","nodo_prueba_ADC","voltaje_potenciometro_externo","2.99934601776","2018-05-29 04:03:58"
"170","nodo_prueba_ADC","voltaje_potenciometro_externo","2.08536649768","2018-05-29 04:04:10"
"171","nodo_prueba_ADC","voltaje_potenciometro_externo","1.78113362564","2018-05-29 04:04:10"
"172","nodo_prueba_ADC","voltaje_potenciometro_externo","0.151929277412","2018-05-29 04:04:18"
"173","nodo_prueba_ADC","voltaje_potenciometro_externo","0.0873744591921","2018-05-29 04:04:19"
"174","nodo_prueba_ADC","voltaje_potenciometro_externo","0.0967240448861","2018-05-29 04:04:21"
"175","nodo_prueba_ADC","voltaje_potenciometro_externo","0.117598190021","2018-05-29 04:04:22"
"176","nodo_prueba_ADC","voltaje_potenciometro_externo","0.140238420992","2018-05-29 04:04:23"
"177","nodo_prueba_ADC","voltaje_potenciometro_externo","0.359672946891","2018-05-29 04:04:25"
"178","nodo_prueba_ADC","voltaje_potenciometro_externo","3.61304981864","2018-05-29 04:04:27"
"181","nodo_prueba_ADC","voltaje_sensor_corriente","2.58980603097","2018-05-29 04:05:49"
"182","nodo_prueba_ADC","voltaje_potenciometro","3.62001164198","2018-05-29 04:18:33"
"183","nodo_prueba_ADC","voltaje_potenciometro_externo","0.127619520142","2018-05-29 04:18:35"
"184","nodo_prueba_ADC","voltaje_sensor_corriente","2.56693155371","2018-05-29 04:18:35"
"187","nodo_prueba_ADC","voltaje_sensor_corriente","2.84048114306","2018-05-29 04:18:44"
"189","nodo_prueba_ADC","voltaje_sensor_corriente","2.56695539557","2018-05-29 04:18:47"
"190","nodo_prueba_ADC","voltaje_potenciometro","3.64878697977","2018-05-29 04:25:42"
"191","nodo_prueba_ADC","voltaje_potenciometro_externo","0.0234323767939","2018-05-29 04:25:44"
"192","nodo_prueba_ADC","voltaje_sensor_corriente","2.62055785901","2018-05-29 04:25:45"
"215","nodo_prueba_ADC","voltaje_sensor_corriente","2.56591767858","2018-05-29 04:26:59"
"216","nodo_prueba_ADC","voltaje_potenciometro_externo","0.00213027025822","2018-05-29 04:27:46"
"217","nodo_prueba_ADC","voltaje_potenciometro","3.69430526427","2018-05-29 04:20:11"
"218","nodo_prueba_ADC","voltaje_potenciometro_externo","1.60367865606","2018-05-29 04:20:11"
"219","nodo_prueba_ADC","voltaje_sensor_corriente","2.61404068637","2018-05-29 04:20:11"
"220","nodo_prueba_ADC","voltaje_sensor_corriente","2.67015012147","2018-05-29 04:20:54"
"221","nodo_prueba_ADC","voltaje_potenciometro_externo","1.61467988666","2018-05-29 04:21:16"
"222","nodo_prueba_ADC","voltaje_potenciometro","3.69923039666","2018-05-29 04:27:18"
"223","nodo_prueba_ADC","voltaje_potenciometro_externo","1.61060173638","2018-05-29 04:27:19"
"224","nodo_prueba_ADC","voltaje_sensor_corriente","2.61075766215","2018-05-29 04:27:20"
"225","nodo_prueba_ADC","voltaje_potenciometro","3.61806972242","2018-05-29 04:27:26"
"226","nodo_prueba_ADC","voltaje_potenciometro_externo","1.66504343331","2018-05-29 04:27:29"
"227","nodo_prueba_ADC","voltaje_potenciometro","3.62704797114","2018-05-29 04:27:35"
"228","nodo_prueba_ADC","voltaje_potenciometro_externo","1.68892880546","2018-05-29 04:27:36"
"229","nodo_prueba_ADC","voltaje_potenciometro","3.69530006591","2018-05-29 04:27:39"
"230","nodo_prueba_ADC","voltaje_potenciometro","3.62974508163","2018-05-29 04:27:48"
"231","nodo_prueba_ADC","voltaje_potenciometro","3.6868600472","2018-05-29 04:28:40"
"232","nodo_prueba_ADC","voltaje_potenciometro_externo","1.65738840787","2018-05-29 04:28:41"
"233","nodo_prueba_ADC","voltaje_sensor_corriente","2.61113495959","2018-05-29 04:28:41"
"234","nodo_prueba_ADC","voltaje_sensor_corriente","2.72969755288","2018-05-29 04:28:52"
"235","nodo_prueba_ADC","voltaje_sensor_corriente","2.66321333208","2018-05-29 04:28:53"
"236","nodo_prueba_ADC","voltaje_sensor_corriente","2.64152021903","2018-05-29 04:28:56"
"237","nodo_prueba_ADC","voltaje_sensor_corriente","2.66495557606","2018-05-29 04:29:03"
"238","nodo_prueba_ADC","voltaje_sensor_corriente","2.70126255766","2018-05-29 04:29:05"
"239","nodo_prueba_ADC","voltaje_sensor_corriente","2.72672626099","2018-05-29 04:29:06"
"240","nodo_prueba_ADC","voltaje_sensor_corriente","2.74100455535","2018-05-29 04:29:07"
"241","nodo_prueba_ADC","voltaje_sensor_corriente","2.75784763787","2018-05-29 04:29:08"
"242","nodo_prueba_ADC","voltaje_sensor_corriente","2.77346286457","2018-05-29 04:29:10"
"243","nodo_prueba_ADC","voltaje_sensor_corriente","2.64918299308","2018-05-29 04:29:11"
"244","nodo_prueba_ADC","voltaje_sensor_corriente","2.63647110897","2018-05-29 04:29:12"
"245","nodo_prueba_ADC","voltaje_sensor_corriente","2.59301454938","2018-05-29 04:29:26"
"246","nodo_prueba_ADC","voltaje_potenciometro","3.699","2018-05-29 04:35:48"
"247","nodo_prueba_ADC","voltaje_potenciometro_externo","1.608","2018-05-29 04:35:49"
"248","nodo_prueba_ADC","voltaje_sensor_corriente","2.593","2018-05-29 04:35:50"
"249","nodo_prueba_ADC","voltaje_potenciometro_externo","0.783","2018-05-29 04:35:55"
"250","nodo_prueba_ADC","voltaje_potenciometro_externo","1.511","2018-05-29 04:35:59"
"251","nodo_prueba_ADC","voltaje_potenciometro_externo","2.669","2018-05-29 04:36:02"
"252","nodo_prueba_ADC","voltaje_potenciometro","2.936","2018-05-29 04:36:07"
"253","nodo_prueba_ADC","voltaje_sensor_corriente","2.76","2018-05-29 04:36:12"
"254","nodo_prueba_ADC","voltaje_sensor_corriente","2.646","2018-05-29 04:36:13"
"255","nodo_prueba_ADC","voltaje_sensor_corriente","2.594","2018-05-29 04:36:17"
"256","nodo_prueba_ADC","voltaje_sensor_corriente","2.79","2018-05-29 04:36:20"
"257","nodo_prueba_ADC","voltaje_sensor_corriente","2.648","2018-05-29 04:36:21"
"258","nodo_prueba_ADC","voltaje_sensor_corriente","2.595","2018-05-29 04:36:24"
"259","nodo_prueba_ADC","voltaje_potenciometro","2.937","2018-05-29 04:37:38"
"260","nodo_prueba_ADC","voltaje_LDR","0.647","2018-05-29 04:37:38"
"261","nodo_prueba_ADC","voltaje_potenciometro_externo","2.669","2018-05-29 04:37:40"
"262","nodo_prueba_ADC","voltaje_sensor_corriente","2.594","2018-05-29 04:37:40"
"263","nodo_prueba_ADC","voltaje_LDR","0.876","2018-05-29 04:37:50"
"264","nodo_prueba_ADC","voltaje_LDR","0.647","2018-05-29 04:37:51"
"265","nodo_prueba_ADC","voltaje_LDR","0.879","2018-05-29 04:37:56"
"266","nodo_prueba_ADC","voltaje_sensor_corriente","2.648","2018-05-29 04:37:57"
"267","nodo_prueba_ADC","voltaje_sensor_corriente","2.592","2018-05-29 04:38:03"
"268","nodo_prueba_ADC","voltaje_sensor_corriente","2.651","2018-05-29 04:38:04"
"269","nodo_prueba_ADC","voltaje_sensor_corriente","2.593","2018-05-29 04:38:09"
"270","nodo_prueba_ADC","voltaje_sensor_corriente","2.661","2018-05-29 04:38:14"
"271","nodo_prueba_ADC","voltaje_sensor_corriente","2.646","2018-05-29 04:38:15"
"272","nodo_prueba_ADC","voltaje_sensor_corriente","2.662","2018-05-29 04:38:17"
"273","nodo_prueba_ADC","voltaje_sensor_corriente","2.675","2018-05-29 04:38:18"
"274","nodo_prueba_ADC","voltaje_sensor_corriente","2.598","2018-05-29 04:38:19"
"275","nodo_prueba_ADC","voltaje_sensor_corriente","2.771","2018-05-29 04:38:24"
"276","nodo_prueba_ADC","voltaje_sensor_corriente","2.646","2018-05-29 04:38:25"
"277","nodo_prueba_ADC","voltaje_sensor_corriente","2.6","2018-05-29 04:38:26"
"278","nodo_prueba_ADC","voltaje_sensor_corriente","2.755","2018-05-29 04:38:33"
"279","nodo_prueba_ADC","voltaje_sensor_corriente","2.601","2018-05-29 04:38:36"
"280","nodo_prueba_ADC","voltaje_LDR","0.646","2018-05-29 04:38:43"
"281","nodo_prueba_ADC","voltaje_LDR","0.863","2018-05-29 04:38:47"
"282","nodo_prueba_ADC","voltaje_LDR","0.642","2018-05-29 04:38:48"
"283","nodo_prueba_ADC","voltaje_potenciometro_externo","2.295","2018-05-29 04:38:50"
"284","nodo_prueba_ADC","voltaje_potenciometro_externo","0.937","2018-05-29 04:38:51"
"285","nodo_prueba_ADC","voltaje_potenciometro_externo","0.641","2018-05-29 04:38:53"
"286","nodo_prueba_ADC","voltaje_potenciometro_externo","0.283","2018-05-29 04:38:55"
"287","nodo_prueba_ADC","voltaje_potenciometro_externo","2.929","2018-05-29 04:38:58"
"288","nodo_prueba_ADC","voltaje_LDR","0.898","2018-05-29 04:39:02"
"289","nodo_prueba_ADC","voltaje_sensor_corriente","2.686","2018-05-29 04:39:04"
"290","nodo_prueba_ADC","voltaje_sensor_corriente","2.6","2018-05-29 04:39:05"
"291","nodo_prueba_ADC","voltaje_sensor_corriente","2.659","2018-05-29 04:39:11"
"292","nodo_prueba_ADC","voltaje_sensor_corriente","2.685","2018-05-29 04:39:13"
"293","nodo_prueba_ADC","voltaje_sensor_corriente","2.597","2018-05-29 04:39:14"
"294","nodo_prueba_ADC","voltaje_sensor_corriente","2.669","2018-05-29 04:39:15"
"295","nodo_prueba_ADC","voltaje_sensor_corriente","2.686","2018-05-29 04:39:16"
"296","nodo_prueba_ADC","voltaje_sensor_corriente","2.6","2018-05-29 04:39:17"
"297","nodo_prueba_ADC","voltaje_LDR","0.66","2018-05-29 04:39:19"
"298","nodo_prueba_ADC","voltaje_LDR","3.047","2018-05-29 04:39:22"
"299","nodo_prueba_ADC","voltaje_LDR","0.896","2018-05-29 04:39:26"
"300","nodo_prueba_ADC","voltaje_LDR","0.639","2018-05-29 04:39:27"
"301","nodo_prueba_ADC","voltaje_potenciometro_externo","1.149","2018-05-29 04:39:33"
"302","nodo_prueba_ADC","voltaje_potenciometro","1.39","2018-05-29 04:39:37"
"303","nodo_prueba_ADC","voltaje_potenciometro","0","2018-05-29 04:39:41"
"304","nodo_prueba_ADC","voltaje_potenciometro","1.244","2018-05-29 04:39:43"
"305","nodo_prueba_ADC","voltaje_potenciometro","1.446","2018-05-29 04:39:46"
"306","nodo_prueba_ADC","voltaje_potenciometro","3.638","2018-05-29 04:39:47"
"307","nodo_prueba_ADC","voltaje_potenciometro_externo","0.082","2018-05-29 04:39:51"
"308","nodo_prueba_ADC","voltaje_LDR","2.359","2018-05-29 04:39:56"
"309","nodo_prueba_ADC","voltaje_LDR","0.687","2018-05-29 04:39:57"
"310","nodo_prueba_ADC","voltaje_potenciometro_externo","1.835","2018-05-29 04:40:04"
"311","nodo_prueba_ADC","voltaje_LDR","0.962","2018-05-29 04:40:05"
"312","nodo_prueba_ADC","voltaje_LDR","0.645","2018-05-29 04:40:07"
"313","nodo_prueba_ADC","voltaje_LDR","0.954","2018-05-29 04:40:09"
"314","nodo_prueba_ADC","voltaje_sensor_corriente","2.657","2018-05-29 04:40:10"
"315","nodo_prueba_ADC","voltaje_sensor_corriente","2.679","2018-05-29 04:40:11"
"316","nodo_prueba_ADC","voltaje_sensor_corriente","2.601","2018-05-29 04:40:12"
"317","nodo_prueba_ADC","voltaje_LDR","0.646","2018-05-29 04:40:27"
"318","nodo_prueba_ADC","voltaje_LDR","2.778","2018-05-29 04:40:31"
"319","nodo_prueba_ADC","voltaje_LDR","0.656","2018-05-29 04:40:34"
"320","nodo_prueba_ADC","voltaje_potenciometro_externo","0.018","2018-05-29 04:40:39"
"321","nodo_prueba_ADC","voltaje_potenciometro_externo","1.416","2018-05-29 04:40:44"
"322","nodo_prueba_ADC","voltaje_potenciometro_externo","3.012","2018-05-29 04:40:45"
"323","nodo_prueba_ADC","voltaje_LDR","0.889","2018-05-29 04:40:49"
"324","nodo_prueba_ADC","voltaje_sensor_corriente","2.747","2018-05-29 04:40:49"
"325","nodo_prueba_ADC","voltaje_sensor_corriente","2.648","2018-05-29 04:40:50"
"326","nodo_prueba_ADC","voltaje_sensor_corriente","2.675","2018-05-29 04:40:52"
"327","nodo_prueba_ADC","voltaje_sensor_corriente","2.598","2018-05-29 04:40:54"
"328","nodo_prueba_ADC","voltaje_LDR","0.648","2018-05-29 04:40:56"
"329","nodo_prueba_ADC","voltaje_LDR","0.859","2018-05-29 04:40:59"
"330","nodo_prueba_ADC","voltaje_LDR","1.257","2018-05-29 04:41:00"
"331","nodo_prueba_ADC","voltaje_LDR","0.642","2018-05-29 04:41:01"
"332","nodo_prueba_ADC","voltaje_LDR","0.911","2018-05-29 04:41:07"
"333","nodo_prueba_ADC","voltaje_potenciometro","2.926","2018-05-29 04:41:09"
"334","nodo_prueba_ADC","voltaje_LDR","0.671","2018-05-29 04:41:09"
"335","nodo_prueba_ADC","voltaje_potenciometro","0.818","2018-05-29 04:41:14"
"336","nodo_prueba_ADC","voltaje_potenciometro_externo","1.297","2018-05-29 04:41:18"
"337","nodo_prueba_ADC","voltaje_potenciometro_externo","1.048","2018-05-29 04:41:19"
"338","nodo_prueba_ADC","voltaje_potenciometro_externo","2.522","2018-05-29 04:41:21"
"339","nodo_prueba_ADC","voltaje_potenciometro_externo","3.254","2018-05-29 04:41:22"
"340","nodo_prueba_ADC","voltaje_potenciometro_externo","1.202","2018-05-29 04:41:25"
"341","nodo_prueba_ADC","voltaje_potenciometro_externo","0.53","2018-05-29 04:41:26"
"342","nodo_prueba_ADC","voltaje_LDR","0.912","2018-05-29 04:41:29"
"343","nodo_prueba_ADC","voltaje_sensor_corriente","2.67","2018-05-29 04:41:31"
"344","nodo_prueba_ADC","voltaje_sensor_corriente","2.678","2018-05-29 04:41:34"
"345","nodo_prueba_ADC","voltaje_sensor_corriente","2.599","2018-05-29 04:41:35"
"346","nodo_prueba_ADC","voltaje_LDR","0.66","2018-05-29 04:41:37"
"347","nodo_prueba_ADC","voltaje_potenciometro","0.816","2018-05-29 04:42:28"
"348","nodo_prueba_ADC","voltaje_LDR","0.645","2018-05-29 04:42:28"
