"registro","iddispositivo","variable","valor","fecha"
"1","sensor_corriente_1","corriente","2.6","2018-05-17 16:29:54"
"2","sensor_corriente_1","corriente","3.5","2018-05-17 16:31:02"
"3","sensor_corriente_1","corriente","2.9","2018-05-17 16:31:09"
"4","sensor_corriente_1","corriente","1.8","2018-05-17 16:31:19"
"5","sensor_corriente_1","corriente","3.68","2018-05-17 16:31:29"
"6","sensor_corriente_1","corriente","4.7","2018-05-17 16:31:44"
"7","sensor_corriente_1","corriente","5.2","2018-05-17 16:31:57"
"349","sensor_corriente_1","corriente","3.1","2018-05-29 20:03:29"
